,Category,average_rating_category
0,Beach,3.0722845691382763
1,Adventure,3.008804243008679
2,Historical,3.003138832997988
