,Country,average_country_rating
0,Australia,3.019602409638554
1,Brazil,3.0741666666666667
2,China,2.958647642679901
3,Egypt,3.024298245614035
4,France,3.0302683780630106
5,India,2.973158482142857
6,USA,2.984304245283019
